name,1차,2차,3차,평균
주시현,89,93,98,93.33333333
최경우,95,87,73,85
정정원,85,89,79,84.33333333
